,ID,IG,VD,VG,Curve,Name,Sample,number,absID,absIG
0,1.40E-11,-6.09E-11,0.1,-2,TFT lin RollOut,Jun-44,6,44,1.40E-11,6.09E-11
1,4.75E-12,-6.28E-12,0.1,-1.95,TFT lin RollOut,Jun-44,6,44,4.75E-12,6.28E-12
2,1.11E-11,-4.20E-11,0.1,-1.9,TFT lin RollOut,Jun-44,6,44,1.11E-11,4.20E-11
3,1.28E-11,-4.05E-11,0.1,-1.85,TFT lin RollOut,Jun-44,6,44,1.28E-11,4.05E-11
4,3.87E-12,-4.71E-12,0.1,-1.8,TFT lin RollOut,Jun-44,6,44,3.87E-12,4.71E-12
5,1.08E-11,-4.68E-11,0.1,-1.75,TFT lin RollOut,Jun-44,6,44,1.08E-11,4.68E-11
6,1.23E-11,-3.18E-11,0.1,-1.7,TFT lin RollOut,Jun-44,6,44,1.23E-11,3.18E-11
7,4.23E-12,-4.60E-12,0.1,-1.65,TFT lin RollOut,Jun-44,6,44,4.23E-12,4.60E-12
8,9.62E-12,-4.96E-11,0.1,-1.6,TFT lin RollOut,Jun-44,6,44,9.62E-12,4.96E-11
9,1.07E-11,-2.48E-11,0.1,-1.55,TFT lin RollOut,Jun-44,6,44,1.07E-11,2.48E-11
10,2.97E-12,-2.98E-12,0.1,-1.5,TFT lin RollOut,Jun-44,6,44,2.97E-12,2.98E-12
11,8.31E-12,-5.10E-11,0.1,-1.45,TFT lin RollOut,Jun-44,6,44,8.31E-12,5.10E-11
12,9.07E-12,-1.55E-11,0.1,-1.4,TFT lin RollOut,Jun-44,6,44,9.07E-12,1.55E-11
13,1.61E-12,-1.44E-12,0.1,-1.35,TFT lin RollOut,Jun-44,6,44,1.61E-12,1.44E-12
14,7.27E-12,-5.32E-11,0.1,-1.3,TFT lin RollOut,Jun-44,6,44,7.27E-12,5.32E-11
15,-4.10E-12,-8.20E-13,0.1,-1.25,TFT lin RollOut,Jun-44,6,44,4.10E-12,8.20E-13
16,1.72E-12,-7.70E-13,0.1,-1.2,TFT lin RollOut,Jun-44,6,44,1.72E-12,7.70E-13
17,-2.51E-12,3.91E-11,0.1,-1.15,TFT lin RollOut,Jun-44,6,44,2.51E-12,3.91E-11
18,-4.55E-12,2.50E-11,0.1,-1.1,TFT lin RollOut,Jun-44,6,44,4.55E-12,2.50E-11
19,3.23E-12,-3.08E-12,0.1,-1.05,TFT lin RollOut,Jun-44,6,44,3.23E-12,3.08E-12
20,-3.48E-12,4.35E-11,0.1,-1,TFT lin RollOut,Jun-44,6,44,3.48E-12,4.35E-11
21,-5.43E-12,1.64E-11,0.1,-0.95,TFT lin RollOut,Jun-44,6,44,5.43E-12,1.64E-11
22,2.11E-12,-1.46E-12,0.1,-0.9,TFT lin RollOut,Jun-44,6,44,2.11E-12,1.46E-12
23,-4.37E-12,4.66E-11,0.1,-0.85,TFT lin RollOut,Jun-44,6,44,4.37E-12,4.66E-11
24,-6.01E-12,1.23E-11,0.1,-0.8,TFT lin RollOut,Jun-44,6,44,6.01E-12,1.23E-11
25,1.04E-12,-1.63E-12,0.1,-0.75,TFT lin RollOut,Jun-44,6,44,1.04E-12,1.63E-12
26,-5.00E-12,4.90E-11,0.1,-0.7,TFT lin RollOut,Jun-44,6,44,5.00E-12,4.90E-11
27,5.70E-12,-1.95E-12,0.1,-0.65,TFT lin RollOut,Jun-44,6,44,5.70E-12,1.95E-12
28,-5.64E-13,5.80E-13,0.1,-0.6,TFT lin RollOut,Jun-44,6,44,5.64E-13,5.80E-13
29,3.71E-12,-4.22E-11,0.1,-0.55,TFT lin RollOut,Jun-44,6,44,3.71E-12,4.22E-11
30,5.48E-12,-1.73E-11,0.1,-0.5,TFT lin RollOut,Jun-44,6,44,5.48E-12,1.73E-11
31,-2.04E-12,3.78E-12,0.1,-0.45,TFT lin RollOut,Jun-44,6,44,2.04E-12,3.78E-12
32,4.43E-12,-4.60E-11,0.1,-0.4,TFT lin RollOut,Jun-44,6,44,4.43E-12,4.60E-11
33,6.29E-12,-9.94E-12,0.1,-0.35,TFT lin RollOut,Jun-44,6,44,6.29E-12,9.94E-12
34,-3.15E-13,4.06E-12,0.1,-0.3,TFT lin RollOut,Jun-44,6,44,3.15E-13,4.06E-12
35,6.77E-12,-4.87E-11,0.1,-0.25,TFT lin RollOut,Jun-44,6,44,6.77E-12,4.87E-11
36,-2.04E-12,3.29E-12,0.1,-0.2,TFT lin RollOut,Jun-44,6,44,2.04E-12,3.29E-12
37,1.09E-11,1.29E-12,0.1,-0.15,TFT lin RollOut,Jun-44,6,44,1.09E-11,1.29E-12
38,2.55E-11,4.58E-11,0.1,-0.1,TFT lin RollOut,Jun-44,6,44,2.55E-11,4.58E-11
39,8.19E-11,1.71E-11,0.1,-0.05,TFT lin RollOut,Jun-44,6,44,8.19E-11,1.71E-11
40,2.43E-10,-3.37E-11,0.1,0,TFT lin RollOut,Jun-44,6,44,2.43E-10,3.37E-11
41,5.35E-10,3.64E-12,0.1,0.05,TFT lin RollOut,Jun-44,6,44,5.35E-10,3.64E-12
42,9.98E-10,-4.34E-11,0.1,0.1,TFT lin RollOut,Jun-44,6,44,9.98E-10,4.34E-11
43,1.54E-09,3.10E-12,0.1,0.15,TFT lin RollOut,Jun-44,6,44,1.54E-09,3.10E-12
44,2.17E-09,5.38E-11,0.1,0.2,TFT lin RollOut,Jun-44,6,44,2.17E-09,5.38E-11
45,2.77E-09,-5.00E-13,0.1,0.25,TFT lin RollOut,Jun-44,6,44,2.77E-09,5.00E-13
46,3.32E-09,4.96E-12,0.1,0.3,TFT lin RollOut,Jun-44,6,44,3.32E-09,4.96E-12
47,4.04E-09,4.06E-11,0.1,0.35,TFT lin RollOut,Jun-44,6,44,4.04E-09,4.06E-11
48,4.77E-09,-2.61E-11,0.1,0.4,TFT lin RollOut,Jun-44,6,44,4.77E-09,2.61E-11
49,5.60E-09,5.39E-12,0.1,0.45,TFT lin RollOut,Jun-44,6,44,5.60E-09,5.39E-12
50,6.68E-09,1.46E-11,0.1,0.5,TFT lin RollOut,Jun-44,6,44,6.68E-09,1.46E-11
51,7.86E-09,-5.03E-11,0.1,0.55,TFT lin RollOut,Jun-44,6,44,7.86E-09,5.03E-11
52,9.15E-09,4.60E-13,0.1,0.6,TFT lin RollOut,Jun-44,6,44,9.15E-09,4.60E-13
53,1.05E-08,-1.37E-11,0.1,0.65,TFT lin RollOut,Jun-44,6,44,1.05E-08,1.37E-11
54,1.26E-08,-2.49E-11,0.1,0.7,TFT lin RollOut,Jun-44,6,44,1.26E-08,2.49E-11
55,1.52E-08,4.60E-11,0.1,0.75,TFT lin RollOut,Jun-44,6,44,1.52E-08,4.60E-11
56,1.80E-08,5.46E-12,0.1,0.8,TFT lin RollOut,Jun-44,6,44,1.80E-08,5.46E-12
57,2.15E-08,1.23E-12,0.1,0.85,TFT lin RollOut,Jun-44,6,44,2.15E-08,1.23E-12
58,2.56E-08,5.51E-11,0.1,0.9,TFT lin RollOut,Jun-44,6,44,2.56E-08,5.51E-11
59,3.05E-08,-1.84E-11,0.1,0.95,TFT lin RollOut,Jun-44,6,44,3.05E-08,1.84E-11
60,3.64E-08,1.83E-12,0.1,1,TFT lin RollOut,Jun-44,6,44,3.64E-08,1.83E-12
61,4.31E-08,8.89E-12,0.1,1.05,TFT lin RollOut,Jun-44,6,44,4.31E-08,8.89E-12
62,5.14E-08,-4.82E-11,0.1,1.1,TFT lin RollOut,Jun-44,6,44,5.14E-08,4.82E-11
63,6.08E-08,5.56E-12,0.1,1.15,TFT lin RollOut,Jun-44,6,44,6.08E-08,5.56E-12
64,7.18E-08,5.35E-12,0.1,1.2,TFT lin RollOut,Jun-44,6,44,7.18E-08,5.35E-12
65,8.51E-08,-3.45E-11,0.1,1.25,TFT lin RollOut,Jun-44,6,44,8.51E-08,3.45E-11
66,1.00E-07,5.79E-12,0.1,1.3,TFT lin RollOut,Jun-44,6,44,1.00E-07,5.79E-12
67,1.18E-07,2.06E-12,0.1,1.35,TFT lin RollOut,Jun-44,6,44,1.18E-07,2.06E-12
68,1.38E-07,-4.93E-11,0.1,1.4,TFT lin RollOut,Jun-44,6,44,1.38E-07,4.93E-11
69,1.60E-07,5.88E-12,0.1,1.45,TFT lin RollOut,Jun-44,6,44,1.60E-07,5.88E-12
70,1.86E-07,2.17E-11,0.1,1.5,TFT lin RollOut,Jun-44,6,44,1.86E-07,2.17E-11
71,2.14E-07,2.47E-11,0.1,1.55,TFT lin RollOut,Jun-44,6,44,2.14E-07,2.47E-11
72,2.46E-07,2.08E-12,0.1,1.6,TFT lin RollOut,Jun-44,6,44,2.46E-07,2.08E-12
73,2.80E-07,-4.70E-11,0.1,1.65,TFT lin RollOut,Jun-44,6,44,2.80E-07,4.70E-11
74,3.18E-07,6.48E-12,0.1,1.7,TFT lin RollOut,Jun-44,6,44,3.18E-07,6.48E-12
75,3.59E-07,3.91E-11,0.1,1.75,TFT lin RollOut,Jun-44,6,44,3.59E-07,3.91E-11
76,4.03E-07,1.07E-11,0.1,1.8,TFT lin RollOut,Jun-44,6,44,4.03E-07,1.07E-11
77,4.50E-07,1.75E-12,0.1,1.85,TFT lin RollOut,Jun-44,6,44,4.50E-07,1.75E-12
78,5.00E-07,-4.05E-11,0.1,1.9,TFT lin RollOut,Jun-44,6,44,5.00E-07,4.05E-11
79,5.54E-07,5.87E-12,0.1,1.95,TFT lin RollOut,Jun-44,6,44,5.54E-07,5.87E-12
80,6.10E-07,5.22E-11,0.1,2,TFT lin RollOut,Jun-44,6,44,6.10E-07,5.22E-11
81,6.69E-07,4.45E-12,0.1,2.05,TFT lin RollOut,Jun-44,6,44,6.69E-07,4.45E-12
82,7.31E-07,2.41E-12,0.1,2.1,TFT lin RollOut,Jun-44,6,44,7.31E-07,2.41E-12
83,7.95E-07,-3.28E-11,0.1,2.15,TFT lin RollOut,Jun-44,6,44,7.95E-07,3.28E-11
84,8.63E-07,7.34E-12,0.1,2.2,TFT lin RollOut,Jun-44,6,44,8.63E-07,7.34E-12
85,9.32E-07,5.85E-11,0.1,2.25,TFT lin RollOut,Jun-44,6,44,9.32E-07,5.85E-11
86,1.00E-06,3.38E-12,0.1,2.3,TFT lin RollOut,Jun-44,6,44,1.00E-06,3.38E-12
87,1.08E-06,-9.71E-12,0.1,2.35,TFT lin RollOut,Jun-44,6,44,1.08E-06,9.71E-12
88,1.16E-06,2.72E-12,0.1,2.4,TFT lin RollOut,Jun-44,6,44,1.16E-06,2.72E-12
89,1.23E-06,3.31E-12,0.1,2.45,TFT lin RollOut,Jun-44,6,44,1.23E-06,3.31E-12
90,1.31E-06,-4.66E-11,0.1,2.5,TFT lin RollOut,Jun-44,6,44,1.31E-06,4.66E-11
91,1.40E-06,8.21E-12,0.1,2.55,TFT lin RollOut,Jun-44,6,44,1.40E-06,8.21E-12
92,1.48E-06,5.99E-11,0.1,2.6,TFT lin RollOut,Jun-44,6,44,1.48E-06,5.99E-11
93,1.57E-06,4.31E-12,0.1,2.65,TFT lin RollOut,Jun-44,6,44,1.57E-06,4.31E-12
94,1.66E-06,-4.77E-11,0.1,2.7,TFT lin RollOut,Jun-44,6,44,1.66E-06,4.77E-11
95,1.75E-06,8.72E-12,0.1,2.75,TFT lin RollOut,Jun-44,6,44,1.75E-06,8.72E-12
96,1.84E-06,5.84E-11,0.1,2.8,TFT lin RollOut,Jun-44,6,44,1.84E-06,5.84E-11
97,1.93E-06,4.36E-12,0.1,2.85,TFT lin RollOut,Jun-44,6,44,1.93E-06,4.36E-12
98,2.02E-06,-4.65E-11,0.1,2.9,TFT lin RollOut,Jun-44,6,44,2.02E-06,4.65E-11
99,2.12E-06,8.46E-12,0.1,2.95,TFT lin RollOut,Jun-44,6,44,2.12E-06,8.46E-12
100,2.21E-06,5.74E-11,0.1,3,TFT lin RollOut,Jun-44,6,44,2.21E-06,5.74E-11
101,2.21E-06,5.96E-11,0.1,3,TFT lin RollOut,Jun-44,6,44,2.21E-06,5.96E-11
102,2.11E-06,3.76E-12,0.1,2.95,TFT lin RollOut,Jun-44,6,44,2.11E-06,3.76E-12
103,2.02E-06,-4.73E-11,0.1,2.9,TFT lin RollOut,Jun-44,6,44,2.02E-06,4.73E-11
104,1.93E-06,7.30E-12,0.1,2.85,TFT lin RollOut,Jun-44,6,44,1.93E-06,7.30E-12
105,1.83E-06,5.70E-11,0.1,2.8,TFT lin RollOut,Jun-44,6,44,1.83E-06,5.70E-11
106,1.74E-06,3.11E-12,0.1,2.75,TFT lin RollOut,Jun-44,6,44,1.74E-06,3.11E-12
107,1.65E-06,-4.72E-11,0.1,2.7,TFT lin RollOut,Jun-44,6,44,1.65E-06,4.72E-11
108,1.56E-06,6.17E-12,0.1,2.65,TFT lin RollOut,Jun-44,6,44,1.56E-06,6.17E-12
109,1.48E-06,5.52E-11,0.1,2.6,TFT lin RollOut,Jun-44,6,44,1.48E-06,5.52E-11
110,1.39E-06,2.19E-12,0.1,2.55,TFT lin RollOut,Jun-44,6,44,1.39E-06,2.19E-12
111,1.31E-06,-4.77E-11,0.1,2.5,TFT lin RollOut,Jun-44,6,44,1.31E-06,4.77E-11
112,1.22E-06,4.18E-12,0.1,2.45,TFT lin RollOut,Jun-44,6,44,1.22E-06,4.18E-12
113,1.14E-06,5.27E-11,0.1,2.4,TFT lin RollOut,Jun-44,6,44,1.14E-06,5.27E-11
114,1.06E-06,1.35E-12,0.1,2.35,TFT lin RollOut,Jun-44,6,44,1.06E-06,1.35E-12
115,9.85E-07,5.16E-11,0.1,2.3,TFT lin RollOut,Jun-44,6,44,9.85E-07,5.16E-11
116,9.09E-07,-1.48E-11,0.1,2.25,TFT lin RollOut,Jun-44,6,44,9.09E-07,1.48E-11
117,8.37E-07,4.49E-12,0.1,2.2,TFT lin RollOut,Jun-44,6,44,8.37E-07,4.49E-12
118,7.65E-07,5.29E-11,0.1,2.15,TFT lin RollOut,Jun-44,6,44,7.65E-07,5.29E-11
119,6.98E-07,-3.40E-13,0.1,2.1,TFT lin RollOut,Jun-44,6,44,6.98E-07,3.40E-13
120,6.32E-07,-3.77E-11,0.1,2.05,TFT lin RollOut,Jun-44,6,44,6.32E-07,3.77E-11
121,5.69E-07,-2.27E-12,0.1,2,TFT lin RollOut,Jun-44,6,44,5.69E-07,2.27E-12
122,5.09E-07,3.32E-12,0.1,1.95,TFT lin RollOut,Jun-44,6,44,5.09E-07,3.32E-12
123,4.51E-07,4.78E-11,0.1,1.9,TFT lin RollOut,Jun-44,6,44,4.51E-07,4.78E-11
124,3.97E-07,-7.30E-13,0.1,1.85,TFT lin RollOut,Jun-44,6,44,3.97E-07,7.30E-13
125,3.46E-07,-4.77E-11,0.1,1.8,TFT lin RollOut,Jun-44,6,44,3.46E-07,4.77E-11
126,2.98E-07,1.30E-12,0.1,1.75,TFT lin RollOut,Jun-44,6,44,2.98E-07,1.30E-12
127,2.54E-07,3.28E-12,0.1,1.7,TFT lin RollOut,Jun-44,6,44,2.54E-07,3.28E-12
128,2.14E-07,3.80E-11,0.1,1.65,TFT lin RollOut,Jun-44,6,44,2.14E-07,3.80E-11
129,1.77E-07,-1.39E-12,0.1,1.6,TFT lin RollOut,Jun-44,6,44,1.77E-07,1.39E-12
130,1.45E-07,-5.20E-11,0.1,1.55,TFT lin RollOut,Jun-44,6,44,1.45E-07,5.20E-11
131,1.16E-07,2.31E-12,0.1,1.5,TFT lin RollOut,Jun-44,6,44,1.16E-07,2.31E-12
132,9.35E-08,-5.35E-11,0.1,1.45,TFT lin RollOut,Jun-44,6,44,9.35E-08,5.35E-11
133,7.37E-08,-5.31E-11,0.1,1.4,TFT lin RollOut,Jun-44,6,44,7.37E-08,5.31E-11
134,5.64E-08,1.14E-11,0.1,1.35,TFT lin RollOut,Jun-44,6,44,5.64E-08,1.14E-11
135,4.25E-08,1.83E-12,0.1,1.3,TFT lin RollOut,Jun-44,6,44,4.25E-08,1.83E-12
136,3.14E-08,-1.59E-11,0.1,1.25,TFT lin RollOut,Jun-44,6,44,3.14E-08,1.59E-11
137,2.28E-08,4.85E-11,0.1,1.2,TFT lin RollOut,Jun-44,6,44,2.28E-08,4.85E-11
138,1.63E-08,1.37E-12,0.1,1.15,TFT lin RollOut,Jun-44,6,44,1.63E-08,1.37E-12
139,1.15E-08,-1.06E-12,0.1,1.1,TFT lin RollOut,Jun-44,6,44,1.15E-08,1.06E-12
140,8.77E-09,4.96E-11,0.1,1.05,TFT lin RollOut,Jun-44,6,44,8.77E-09,4.96E-11
141,6.15E-09,-4.85E-11,0.1,1,TFT lin RollOut,Jun-44,6,44,6.15E-09,4.85E-11
142,3.85E-09,9.17E-12,0.1,0.95,TFT lin RollOut,Jun-44,6,44,3.85E-09,9.17E-12
143,2.43E-09,-2.73E-12,0.1,0.9,TFT lin RollOut,Jun-44,6,44,2.43E-09,2.73E-12
144,1.44E-09,-3.32E-11,0.1,0.85,TFT lin RollOut,Jun-44,6,44,1.44E-09,3.32E-11
145,1.09E-09,-1.73E-12,0.1,0.8,TFT lin RollOut,Jun-44,6,44,1.09E-09,1.73E-12
146,5.59E-10,-1.58E-11,0.1,0.75,TFT lin RollOut,Jun-44,6,44,5.59E-10,1.58E-11
147,3.54E-10,3.41E-11,0.1,0.7,TFT lin RollOut,Jun-44,6,44,3.54E-10,3.41E-11
148,2.25E-10,-2.23E-12,0.1,0.65,TFT lin RollOut,Jun-44,6,44,2.25E-10,2.23E-12
149,1.15E-10,3.70E-11,0.1,0.6,TFT lin RollOut,Jun-44,6,44,1.15E-10,3.70E-11
150,1.46E-10,1.83E-12,0.1,0.55,TFT lin RollOut,Jun-44,6,44,1.46E-10,1.83E-12
151,1.25E-10,7.00E-13,0.1,0.5,TFT lin RollOut,Jun-44,6,44,1.25E-10,7.00E-13
152,5.87E-11,4.95E-12,0.1,0.45,TFT lin RollOut,Jun-44,6,44,5.87E-11,4.95E-12
153,3.86E-11,1.35E-12,0.1,0.4,TFT lin RollOut,Jun-44,6,44,3.86E-11,1.35E-12
154,2.87E-11,-4.29E-11,0.1,0.35,TFT lin RollOut,Jun-44,6,44,2.87E-11,4.29E-11
155,1.97E-11,-1.96E-11,0.1,0.3,TFT lin RollOut,Jun-44,6,44,1.97E-11,1.96E-11
156,6.11E-12,1.52E-12,0.1,0.25,TFT lin RollOut,Jun-44,6,44,6.11E-12,1.52E-12
157,8.80E-12,-4.66E-11,0.1,0.2,TFT lin RollOut,Jun-44,6,44,8.80E-12,4.66E-11
158,8.37E-12,-1.08E-11,0.1,0.15,TFT lin RollOut,Jun-44,6,44,8.37E-12,1.08E-11
159,5.31E-13,7.90E-13,0.1,0.1,TFT lin RollOut,Jun-44,6,44,5.31E-13,7.90E-13
160,5.88E-12,-5.04E-11,0.1,0.05,TFT lin RollOut,Jun-44,6,44,5.88E-12,5.04E-11
161,-5.16E-12,1.17E-12,0.1,0,TFT lin RollOut,Jun-44,6,44,5.16E-12,1.17E-12
162,1.91E-13,1.40E-12,0.1,-0.05,TFT lin RollOut,Jun-44,6,44,1.91E-13,1.40E-12
163,-3.16E-12,3.62E-11,0.1,-0.1,TFT lin RollOut,Jun-44,6,44,3.16E-12,3.62E-11
164,-5.04E-12,2.96E-11,0.1,-0.15,TFT lin RollOut,Jun-44,6,44,5.04E-12,2.96E-11
165,3.36E-12,-2.69E-12,0.1,-0.2,TFT lin RollOut,Jun-44,6,44,3.36E-12,2.69E-12
166,-3.41E-12,3.88E-11,0.1,-0.25,TFT lin RollOut,Jun-44,6,44,3.41E-12,3.88E-11
167,-5.14E-12,1.95E-11,0.1,-0.3,TFT lin RollOut,Jun-44,6,44,5.14E-12,1.95E-11
168,2.61E-12,-3.72E-12,0.1,-0.35,TFT lin RollOut,Jun-44,6,44,2.61E-12,3.72E-12
169,-3.66E-12,4.50E-11,0.1,-0.4,TFT lin RollOut,Jun-44,6,44,3.66E-12,4.50E-11
170,-5.13E-12,1.18E-11,0.1,-0.45,TFT lin RollOut,Jun-44,6,44,5.13E-12,1.18E-11
171,1.83E-12,-2.18E-12,0.1,-0.5,TFT lin RollOut,Jun-44,6,44,1.83E-12,2.18E-12
172,-3.88E-12,4.84E-11,0.1,-0.55,TFT lin RollOut,Jun-44,6,44,3.88E-12,4.84E-11
173,6.98E-12,-3.03E-12,0.1,-0.6,TFT lin RollOut,Jun-44,6,44,6.98E-12,3.03E-12
174,8.74E-13,-1.90E-12,0.1,-0.65,TFT lin RollOut,Jun-44,6,44,8.74E-13,1.90E-12
175,5.43E-12,-4.36E-11,0.1,-0.7,TFT lin RollOut,Jun-44,6,44,5.43E-12,4.36E-11
176,7.10E-12,-2.31E-11,0.1,-0.75,TFT lin RollOut,Jun-44,6,44,7.10E-12,2.31E-11
177,-5.21E-13,6.30E-13,0.1,-0.8,TFT lin RollOut,Jun-44,6,44,5.21E-13,6.30E-13
178,5.89E-12,-4.75E-11,0.1,-0.85,TFT lin RollOut,Jun-44,6,44,5.89E-12,4.75E-11
179,7.41E-12,-1.76E-11,0.1,-0.9,TFT lin RollOut,Jun-44,6,44,7.41E-12,1.76E-11
180,-1.98E-13,6.00E-13,0.1,-0.95,TFT lin RollOut,Jun-44,6,44,1.98E-13,6.00E-13
181,6.26E-12,-4.85E-11,0.1,-1,TFT lin RollOut,Jun-44,6,44,6.26E-12,4.85E-11
182,7.62E-12,-1.23E-11,0.1,-1.05,TFT lin RollOut,Jun-44,6,44,7.62E-12,1.23E-11
183,1.10E-12,-6.20E-13,0.1,-1.1,TFT lin RollOut,Jun-44,6,44,1.10E-12,6.20E-13
184,6.79E-12,-5.15E-11,0.1,-1.15,TFT lin RollOut,Jun-44,6,44,6.79E-12,5.15E-11
185,8.33E-12,-1.03E-11,0.1,-1.2,TFT lin RollOut,Jun-44,6,44,8.33E-12,1.03E-11
186,1.90E-12,-1.56E-12,0.1,-1.25,TFT lin RollOut,Jun-44,6,44,1.90E-12,1.56E-12
187,-1.43E-12,3.27E-11,0.1,-1.3,TFT lin RollOut,Jun-44,6,44,1.43E-12,3.27E-11
188,-3.16E-12,2.73E-11,0.1,-1.35,TFT lin RollOut,Jun-44,6,44,3.16E-12,2.73E-11
189,5.43E-12,-5.56E-12,0.1,-1.4,TFT lin RollOut,Jun-44,6,44,5.43E-12,5.56E-12
190,-1.22E-12,3.93E-11,0.1,-1.45,TFT lin RollOut,Jun-44,6,44,1.22E-12,3.93E-11
191,-2.54E-12,1.49E-11,0.1,-1.5,TFT lin RollOut,Jun-44,6,44,2.54E-12,1.49E-11
192,5.34E-12,-6.97E-12,0.1,-1.55,TFT lin RollOut,Jun-44,6,44,5.34E-12,6.97E-12
193,-2.38E-13,4.08E-11,0.1,-1.6,TFT lin RollOut,Jun-44,6,44,2.38E-13,4.08E-11
194,-1.27E-12,9.01E-12,0.1,-1.65,TFT lin RollOut,Jun-44,6,44,1.27E-12,9.01E-12
195,6.38E-12,-6.86E-12,0.1,-1.7,TFT lin RollOut,Jun-44,6,44,6.38E-12,6.86E-12
196,1.23E-12,4.15E-11,0.1,-1.75,TFT lin RollOut,Jun-44,6,44,1.23E-12,4.15E-11
197,7.04E-13,2.98E-12,0.1,-1.8,TFT lin RollOut,Jun-44,6,44,7.04E-13,2.98E-12
198,8.13E-12,-9.66E-12,0.1,-1.85,TFT lin RollOut,Jun-44,6,44,8.13E-12,9.66E-12
199,3.23E-12,4.16E-11,0.1,-1.9,TFT lin RollOut,Jun-44,6,44,3.23E-12,4.16E-11
200,1.53E-11,-1.21E-11,0.1,-1.95,TFT lin RollOut,Jun-44,6,44,1.53E-11,1.21E-11
201,1.12E-11,-1.24E-11,0.1,-2,TFT lin RollOut,Jun-44,6,44,1.12E-11,1.24E-11
202,2.66E-09,-4.04E-09,3,-2,Transfer stab,May-14,5,14,2.66E-09,4.04E-09
203,3.89E-09,-2.93E-09,3,-1.95,Transfer stab,May-14,5,14,3.89E-09,2.93E-09
204,2.48E-09,-2.40E-09,3,-1.9,Transfer stab,May-14,5,14,2.48E-09,2.40E-09
205,3.04E-09,-2.80E-09,3,-1.85,Transfer stab,May-14,5,14,3.04E-09,2.80E-09
206,2.51E-09,-1.93E-09,3,-1.8,Transfer stab,May-14,5,14,2.51E-09,1.93E-09
207,2.04E-09,-1.53E-09,3,-1.75,Transfer stab,May-14,5,14,2.04E-09,1.53E-09
208,1.95E-09,-1.52E-09,3,-1.7,Transfer stab,May-14,5,14,1.95E-09,1.52E-09
209,2.00E-09,-1.45E-09,3,-1.65,Transfer stab,May-14,5,14,2.00E-09,1.45E-09
210,1.91E-09,-1.27E-09,3,-1.6,Transfer stab,May-14,5,14,1.91E-09,1.27E-09
211,1.75E-09,-1.06E-09,3,-1.55,Transfer stab,May-14,5,14,1.75E-09,1.06E-09
212,1.70E-09,-9.12E-10,3,-1.5,Transfer stab,May-14,5,14,1.70E-09,9.12E-10
213,1.52E-09,-7.64E-10,3,-1.45,Transfer stab,May-14,5,14,1.52E-09,7.64E-10
214,1.54E-09,-6.59E-10,3,-1.4,Transfer stab,May-14,5,14,1.54E-09,6.59E-10
215,1.46E-09,-6.08E-10,3,-1.35,Transfer stab,May-14,5,14,1.46E-09,6.08E-10
216,1.48E-09,-5.48E-10,3,-1.3,Transfer stab,May-14,5,14,1.48E-09,5.48E-10
217,1.46E-09,-5.97E-10,3,-1.25,Transfer stab,May-14,5,14,1.46E-09,5.97E-10
218,1.59E-09,-5.54E-10,3,-1.2,Transfer stab,May-14,5,14,1.59E-09,5.54E-10
219,1.62E-09,-4.99E-10,3,-1.15,Transfer stab,May-14,5,14,1.62E-09,4.99E-10
220,1.70E-09,-4.63E-10,3,-1.1,Transfer stab,May-14,5,14,1.70E-09,4.63E-10
221,1.83E-09,-4.64E-10,3,-1.05,Transfer stab,May-14,5,14,1.83E-09,4.64E-10
222,2.04E-09,-4.72E-10,3,-1,Transfer stab,May-14,5,14,2.04E-09,4.72E-10
223,2.49E-09,-9.07E-10,3,-0.95,Transfer stab,May-14,5,14,2.49E-09,9.07E-10
224,2.83E-09,-4.12E-10,3,-0.9,Transfer stab,May-14,5,14,2.83E-09,4.12E-10
225,3.55E-09,-3.84E-10,3,-0.85,Transfer stab,May-14,5,14,3.55E-09,3.84E-10
226,4.54E-09,-3.70E-10,3,-0.8,Transfer stab,May-14,5,14,4.54E-09,3.70E-10
227,5.82E-09,-3.58E-10,3,-0.75,Transfer stab,May-14,5,14,5.82E-09,3.58E-10
228,7.32E-09,-3.53E-10,3,-0.7,Transfer stab,May-14,5,14,7.32E-09,3.53E-10
229,8.67E-09,-3.34E-10,3,-0.65,Transfer stab,May-14,5,14,8.67E-09,3.34E-10
230,1.08E-08,-3.04E-10,3,-0.6,Transfer stab,May-14,5,14,1.08E-08,3.04E-10
231,1.38E-08,-2.84E-10,3,-0.55,Transfer stab,May-14,5,14,1.38E-08,2.84E-10
232,1.71E-08,-2.67E-10,3,-0.5,Transfer stab,May-14,5,14,1.71E-08,2.67E-10
233,2.06E-08,-2.57E-10,3,-0.45,Transfer stab,May-14,5,14,2.06E-08,2.57E-10
234,2.46E-08,-2.37E-10,3,-0.4,Transfer stab,May-14,5,14,2.46E-08,2.37E-10
235,2.89E-08,-2.30E-10,3,-0.35,Transfer stab,May-14,5,14,2.89E-08,2.30E-10
236,3.37E-08,-2.15E-10,3,-0.3,Transfer stab,May-14,5,14,3.37E-08,2.15E-10
237,3.92E-08,-2.06E-10,3,-0.25,Transfer stab,May-14,5,14,3.92E-08,2.06E-10
238,4.55E-08,-2.38E-10,3,-0.2,Transfer stab,May-14,5,14,4.55E-08,2.38E-10
239,5.23E-08,-2.34E-10,3,-0.15,Transfer stab,May-14,5,14,5.23E-08,2.34E-10
240,6.01E-08,-2.23E-10,3,-0.1,Transfer stab,May-14,5,14,6.01E-08,2.23E-10
241,6.86E-08,-2.10E-10,3,-0.05,Transfer stab,May-14,5,14,6.86E-08,2.10E-10
242,7.85E-08,-1.98E-10,3,0,Transfer stab,May-14,5,14,7.85E-08,1.98E-10
243,8.48E-08,-1.89E-10,3,0.05,Transfer stab,May-14,5,14,8.48E-08,1.89E-10
244,9.40E-08,-1.79E-10,3,0.1,Transfer stab,May-14,5,14,9.40E-08,1.79E-10
245,1.05E-07,-1.68E-10,3,0.15,Transfer stab,May-14,5,14,1.05E-07,1.68E-10
246,1.22E-07,-1.57E-10,3,0.2,Transfer stab,May-14,5,14,1.22E-07,1.57E-10
247,1.38E-07,-1.46E-10,3,0.25,Transfer stab,May-14,5,14,1.38E-07,1.46E-10
248,1.54E-07,-1.37E-10,3,0.3,Transfer stab,May-14,5,14,1.54E-07,1.37E-10
249,1.71E-07,-1.27E-10,3,0.35,Transfer stab,May-14,5,14,1.71E-07,1.27E-10
250,1.91E-07,-1.19E-10,3,0.4,Transfer stab,May-14,5,14,1.91E-07,1.19E-10
251,2.12E-07,-1.09E-10,3,0.45,Transfer stab,May-14,5,14,2.12E-07,1.09E-10
252,2.37E-07,-1.01E-10,3,0.5,Transfer stab,May-14,5,14,2.37E-07,1.01E-10
253,2.65E-07,-9.33E-11,3,0.55,Transfer stab,May-14,5,14,2.65E-07,9.33E-11
254,2.95E-07,-8.66E-11,3,0.6,Transfer stab,May-14,5,14,2.95E-07,8.66E-11
255,3.28E-07,-7.92E-11,3,0.65,Transfer stab,May-14,5,14,3.28E-07,7.92E-11
256,3.65E-07,-7.14E-11,3,0.7,Transfer stab,May-14,5,14,3.65E-07,7.14E-11
257,4.07E-07,-6.59E-11,3,0.75,Transfer stab,May-14,5,14,4.07E-07,6.59E-11
258,4.54E-07,-5.92E-11,3,0.8,Transfer stab,May-14,5,14,4.54E-07,5.92E-11
259,5.06E-07,-5.39E-11,3,0.85,Transfer stab,May-14,5,14,5.06E-07,5.39E-11
260,5.65E-07,-4.78E-11,3,0.9,Transfer stab,May-14,5,14,5.65E-07,4.78E-11
261,6.29E-07,-4.14E-11,3,0.95,Transfer stab,May-14,5,14,6.29E-07,4.14E-11
262,7.02E-07,-3.53E-11,3,1,Transfer stab,May-14,5,14,7.02E-07,3.53E-11
263,7.83E-07,-3.04E-11,3,1.05,Transfer stab,May-14,5,14,7.83E-07,3.04E-11
264,8.74E-07,-2.57E-11,3,1.1,Transfer stab,May-14,5,14,8.74E-07,2.57E-11
265,9.36E-07,-2.32E-11,3,1.15,Transfer stab,May-14,5,14,9.36E-07,2.32E-11
266,1.04E-06,-2.11E-11,3,1.2,Transfer stab,May-14,5,14,1.04E-06,2.11E-11
267,1.19E-06,-1.48E-11,3,1.25,Transfer stab,May-14,5,14,1.19E-06,1.48E-11
268,1.33E-06,-9.62E-12,3,1.3,Transfer stab,May-14,5,14,1.33E-06,9.62E-12
269,1.49E-06,-5.88E-12,3,1.35,Transfer stab,May-14,5,14,1.49E-06,5.88E-12
270,1.66E-06,-9.60E-14,3,1.4,Transfer stab,May-14,5,14,1.66E-06,9.60E-14
271,1.84E-06,3.72E-12,3,1.45,Transfer stab,May-14,5,14,1.84E-06,3.72E-12
272,2.04E-06,9.19E-12,3,1.5,Transfer stab,May-14,5,14,2.04E-06,9.19E-12
273,2.26E-06,1.26E-11,3,1.55,Transfer stab,May-14,5,14,2.26E-06,1.26E-11
274,2.49E-06,1.64E-11,3,1.6,Transfer stab,May-14,5,14,2.49E-06,1.64E-11
275,2.74E-06,1.86E-11,3,1.65,Transfer stab,May-14,5,14,2.74E-06,1.86E-11
276,3.01E-06,2.17E-11,3,1.7,Transfer stab,May-14,5,14,3.01E-06,2.17E-11
277,3.30E-06,2.53E-11,3,1.75,Transfer stab,May-14,5,14,3.30E-06,2.53E-11
278,3.61E-06,2.78E-11,3,1.8,Transfer stab,May-14,5,14,3.61E-06,2.78E-11
279,3.94E-06,2.96E-11,3,1.85,Transfer stab,May-14,5,14,3.94E-06,2.96E-11
280,4.30E-06,3.27E-11,3,1.9,Transfer stab,May-14,5,14,4.30E-06,3.27E-11
281,4.67E-06,3.48E-11,3,1.95,Transfer stab,May-14,5,14,4.67E-06,3.48E-11
282,5.06E-06,3.75E-11,3,2,Transfer stab,May-14,5,14,5.06E-06,3.75E-11
283,5.48E-06,3.97E-11,3,2.05,Transfer stab,May-14,5,14,5.48E-06,3.97E-11
284,5.92E-06,4.08E-11,3,2.1,Transfer stab,May-14,5,14,5.92E-06,4.08E-11
285,6.39E-06,4.13E-11,3,2.15,Transfer stab,May-14,5,14,6.39E-06,4.13E-11
286,6.87E-06,4.49E-11,3,2.2,Transfer stab,May-14,5,14,6.87E-06,4.49E-11
287,7.38E-06,4.60E-11,3,2.25,Transfer stab,May-14,5,14,7.38E-06,4.60E-11
288,7.92E-06,4.76E-11,3,2.3,Transfer stab,May-14,5,14,7.92E-06,4.76E-11
289,8.49E-06,5.01E-11,3,2.35,Transfer stab,May-14,5,14,8.49E-06,5.01E-11
290,9.07E-06,5.15E-11,3,2.4,Transfer stab,May-14,5,14,9.07E-06,5.15E-11
291,9.69E-06,5.18E-11,3,2.45,Transfer stab,May-14,5,14,9.69E-06,5.18E-11
292,1.03E-05,5.21E-11,3,2.5,Transfer stab,May-14,5,14,1.03E-05,5.21E-11
293,1.10E-05,5.26E-11,3,2.55,Transfer stab,May-14,5,14,1.10E-05,5.26E-11
294,1.16E-05,4.69E-11,3,2.6,Transfer stab,May-14,5,14,1.16E-05,4.69E-11
295,1.24E-05,5.21E-11,3,2.65,Transfer stab,May-14,5,14,1.24E-05,5.21E-11
296,1.31E-05,5.28E-11,3,2.7,Transfer stab,May-14,5,14,1.31E-05,5.28E-11
297,1.39E-05,5.35E-11,3,2.75,Transfer stab,May-14,5,14,1.39E-05,5.35E-11
298,1.47E-05,5.42E-11,3,2.8,Transfer stab,May-14,5,14,1.47E-05,5.42E-11
299,1.56E-05,5.67E-11,3,2.85,Transfer stab,May-14,5,14,1.56E-05,5.67E-11
300,1.64E-05,5.93E-11,3,2.9,Transfer stab,May-14,5,14,1.64E-05,5.93E-11
301,1.73E-05,6.08E-11,3,2.95,Transfer stab,May-14,5,14,1.73E-05,6.08E-11
302,1.82E-05,6.27E-11,3,3,Transfer stab,May-14,5,14,1.82E-05,6.27E-11
303,4.59E-12,1.28E-12,0,0,output RollOut,Jun-46,6,46,4.59E-12,1.28E-12
304,5.32E-12,-3.01E-12,0.1,0,output RollOut,Jun-46,6,46,5.32E-12,3.01E-12
305,9.41E-12,-4.25E-11,0.2,0,output RollOut,Jun-46,6,46,9.41E-12,4.25E-11
306,8.73E-13,5.17E-11,0.3,0,output RollOut,Jun-46,6,46,8.73E-13,5.17E-11
307,1.19E-11,-5.49E-11,0.4,0,output RollOut,Jun-46,6,46,1.19E-11,5.49E-11
308,1.34E-11,-2.23E-11,0.5,0,output RollOut,Jun-46,6,46,1.34E-11,2.23E-11
309,3.57E-12,7.00E-14,0.6,0,output RollOut,Jun-46,6,46,3.57E-12,7.00E-14
310,8.39E-12,1.12E-12,0.7,0,output RollOut,Jun-46,6,46,8.39E-12,1.12E-12
311,1.35E-11,-2.49E-11,0.8,0,output RollOut,Jun-46,6,46,1.35E-11,2.49E-11
312,7.00E-12,4.22E-11,0.9,0,output RollOut,Jun-46,6,46,7.00E-12,4.22E-11
313,1.73E-11,-5.22E-11,1,0,output RollOut,Jun-46,6,46,1.73E-11,5.22E-11
314,8.26E-12,5.35E-11,1.1,0,output RollOut,Jun-46,6,46,8.26E-12,5.35E-11
315,8.81E-12,2.08E-11,1.2,0,output RollOut,Jun-46,6,46,8.81E-12,2.08E-11
316,2.07E-11,-2.57E-12,1.3,0,output RollOut,Jun-46,6,46,2.07E-11,2.57E-12
317,1.84E-11,-2.32E-12,1.4,0,output RollOut,Jun-46,6,46,1.84E-11,2.32E-12
318,1.58E-11,2.12E-11,1.5,0,output RollOut,Jun-46,6,46,1.58E-11,2.12E-11
319,2.46E-11,-3.99E-11,1.6,0,output RollOut,Jun-46,6,46,2.46E-11,3.99E-11
320,1.75E-11,4.90E-11,1.7,0,output RollOut,Jun-46,6,46,1.75E-11,4.90E-11
321,2.95E-11,-5.68E-11,1.8,0,output RollOut,Jun-46,6,46,2.95E-11,5.68E-11
322,3.24E-11,-3.16E-11,1.9,0,output RollOut,Jun-46,6,46,3.24E-11,3.16E-11
323,2.42E-11,-2.54E-12,2,0,output RollOut,Jun-46,6,46,2.42E-11,2.54E-12
324,3.10E-11,-4.65E-12,2.1,0,output RollOut,Jun-46,6,46,3.10E-11,4.65E-12
325,3.83E-11,-2.54E-11,2.2,0,output RollOut,Jun-46,6,46,3.83E-11,2.54E-11
326,3.47E-11,2.67E-11,2.3,0,output RollOut,Jun-46,6,46,3.47E-11,2.67E-11
327,4.63E-11,-5.74E-11,2.4,0,output RollOut,Jun-46,6,46,4.63E-11,5.74E-11
328,3.93E-11,4.29E-11,2.5,0,output RollOut,Jun-46,6,46,3.93E-11,4.29E-11
329,4.14E-11,1.79E-11,2.6,0,output RollOut,Jun-46,6,46,4.14E-11,1.79E-11
330,5.48E-11,-1.46E-11,2.7,0,output RollOut,Jun-46,6,46,5.48E-11,1.46E-11
331,5.38E-11,-1.41E-11,2.8,0,output RollOut,Jun-46,6,46,5.38E-11,1.41E-11
332,5.17E-11,3.20E-12,2.9,0,output RollOut,Jun-46,6,46,5.17E-11,3.20E-12
333,6.06E-11,-4.95E-11,3,0,output RollOut,Jun-46,6,46,6.06E-11,4.95E-11
334,5.40E-11,3.52E-11,3.1,0,output RollOut,Jun-46,6,46,5.40E-11,3.52E-11
335,6.64E-11,-6.81E-11,3.2,0,output RollOut,Jun-46,6,46,6.64E-11,6.81E-11
336,6.94E-11,-4.40E-11,3.3,0,output RollOut,Jun-46,6,46,6.94E-11,4.40E-11
337,6.08E-11,-1.31E-11,3.4,0,output RollOut,Jun-46,6,46,6.08E-11,1.31E-11
338,6.70E-11,-1.30E-11,3.5,0,output RollOut,Jun-46,6,46,6.70E-11,1.30E-11
339,7.39E-11,-3.14E-11,3.6,0,output RollOut,Jun-46,6,46,7.39E-11,3.14E-11
340,7.00E-11,1.76E-11,3.7,0,output RollOut,Jun-46,6,46,7.00E-11,1.76E-11
341,8.14E-11,-6.35E-11,3.8,0,output RollOut,Jun-46,6,46,8.14E-11,6.35E-11
342,7.44E-11,3.69E-11,3.9,0,output RollOut,Jun-46,6,46,7.44E-11,3.69E-11
343,7.66E-11,1.14E-11,4,0,output RollOut,Jun-46,6,46,7.66E-11,1.14E-11
344,9.04E-11,-2.09E-11,4.1,0,output RollOut,Jun-46,6,46,9.04E-11,2.09E-11
345,8.98E-11,-2.12E-11,4.2,0,output RollOut,Jun-46,6,46,8.98E-11,2.12E-11
346,8.86E-11,-6.90E-13,4.3,0,output RollOut,Jun-46,6,46,8.86E-11,6.90E-13
347,9.88E-11,-6.00E-11,4.4,0,output RollOut,Jun-46,6,46,9.88E-11,6.00E-11
348,1.28E-10,-1.50E-11,4.5,0,output RollOut,Jun-46,6,46,1.28E-10,1.50E-11
349,1.02E-10,-7.68E-11,4.6,0,output RollOut,Jun-46,6,46,1.02E-10,7.68E-11
350,1.16E-10,5.17E-12,4.7,0,output RollOut,Jun-46,6,46,1.16E-10,5.17E-12
351,1.09E-10,-6.30E-11,4.8,0,output RollOut,Jun-46,6,46,1.09E-10,6.30E-11
352,1.08E-10,1.99E-11,4.9,0,output RollOut,Jun-46,6,46,1.08E-10,1.99E-11
353,1.17E-10,-4.01E-11,5,0,output RollOut,Jun-46,6,46,1.17E-10,4.01E-11
354,-1.33E-12,-1.30E-11,0,0.5,output RollOut,Jun-46,6,46,1.33E-12,1.30E-11
355,2.67E-09,-8.06E-12,0.1,0.5,output RollOut,Jun-46,6,46,2.67E-09,8.06E-12
356,2.87E-09,-5.37E-11,0.2,0.5,output RollOut,Jun-46,6,46,2.87E-09,5.37E-11
357,2.79E-09,1.82E-12,0.3,0.5,output RollOut,Jun-46,6,46,2.79E-09,1.82E-12
358,2.78E-09,6.33E-12,0.4,0.5,output RollOut,Jun-46,6,46,2.78E-09,6.33E-12
359,2.67E-09,-5.40E-11,0.5,0.5,output RollOut,Jun-46,6,46,2.67E-09,5.40E-11
360,2.58E-09,2.18E-12,0.6,0.5,output RollOut,Jun-46,6,46,2.58E-09,2.18E-12
361,2.58E-09,8.54E-12,0.7,0.5,output RollOut,Jun-46,6,46,2.58E-09,8.54E-12
362,2.49E-09,-5.20E-11,0.8,0.5,output RollOut,Jun-46,6,46,2.49E-09,5.20E-11
363,2.43E-09,2.26E-12,0.9,0.5,output RollOut,Jun-46,6,46,2.43E-09,2.26E-12
364,2.43E-09,9.61E-12,1,0.5,output RollOut,Jun-46,6,46,2.43E-09,9.61E-12
365,2.38E-09,-5.15E-11,1.1,0.5,output RollOut,Jun-46,6,46,2.38E-09,5.15E-11
366,2.30E-09,6.90E-13,1.2,0.5,output RollOut,Jun-46,6,46,2.30E-09,6.90E-13
367,2.32E-09,1.64E-11,1.3,0.5,output RollOut,Jun-46,6,46,2.32E-09,1.64E-11
368,2.27E-09,-4.30E-11,1.4,0.5,output RollOut,Jun-46,6,46,2.27E-09,4.30E-11
369,2.20E-09,5.50E-13,1.5,0.5,output RollOut,Jun-46,6,46,2.20E-09,5.50E-13
370,2.24E-09,2.04E-11,1.6,0.5,output RollOut,Jun-46,6,46,2.24E-09,2.04E-11
371,2.19E-09,-3.81E-11,1.7,0.5,output RollOut,Jun-46,6,46,2.19E-09,3.81E-11
372,2.12E-09,1.80E-13,1.8,0.5,output RollOut,Jun-46,6,46,2.12E-09,1.80E-13
373,2.16E-09,2.50E-11,1.9,0.5,output RollOut,Jun-46,6,46,2.16E-09,2.50E-11
374,2.12E-09,-3.64E-11,2,0.5,output RollOut,Jun-46,6,46,2.12E-09,3.64E-11
375,2.06E-09,-1.58E-12,2.1,0.5,output RollOut,Jun-46,6,46,2.06E-09,1.58E-12
376,2.10E-09,2.54E-11,2.2,0.5,output RollOut,Jun-46,6,46,2.10E-09,2.54E-11
377,2.07E-09,-3.20E-11,2.3,0.5,output RollOut,Jun-46,6,46,2.07E-09,3.20E-11
378,2.00E-09,-1.84E-12,2.4,0.5,output RollOut,Jun-46,6,46,2.00E-09,1.84E-12
379,2.04E-09,3.42E-11,2.5,0.5,output RollOut,Jun-46,6,46,2.04E-09,3.42E-11
380,2.03E-09,-2.33E-11,2.6,0.5,output RollOut,Jun-46,6,46,2.03E-09,2.33E-11
381,1.97E-09,-3.94E-12,2.7,0.5,output RollOut,Jun-46,6,46,1.97E-09,3.94E-12
382,2.01E-09,3.57E-11,2.8,0.5,output RollOut,Jun-46,6,46,2.01E-09,3.57E-11
383,1.99E-09,-2.00E-11,2.9,0.5,output RollOut,Jun-46,6,46,1.99E-09,2.00E-11
384,1.93E-09,-7.28E-12,3,0.5,output RollOut,Jun-46,6,46,1.93E-09,7.28E-12
385,1.96E-09,3.75E-11,3.1,0.5,output RollOut,Jun-46,6,46,1.96E-09,3.75E-11
386,1.95E-09,-1.85E-11,3.2,0.5,output RollOut,Jun-46,6,46,1.95E-09,1.85E-11
387,1.90E-09,-1.38E-11,3.3,0.5,output RollOut,Jun-46,6,46,1.90E-09,1.38E-11
388,1.94E-09,3.37E-11,3.4,0.5,output RollOut,Jun-46,6,46,1.94E-09,3.37E-11
389,1.94E-09,-2.12E-11,3.5,0.5,output RollOut,Jun-46,6,46,1.94E-09,2.12E-11
390,1.87E-09,-1.93E-11,3.6,0.5,output RollOut,Jun-46,6,46,1.87E-09,1.93E-11
391,1.91E-09,3.02E-11,3.7,0.5,output RollOut,Jun-46,6,46,1.91E-09,3.02E-11
392,1.91E-09,-2.44E-11,3.8,0.5,output RollOut,Jun-46,6,46,1.91E-09,2.44E-11
393,1.86E-09,-2.27E-11,3.9,0.5,output RollOut,Jun-46,6,46,1.86E-09,2.27E-11
394,1.88E-09,2.81E-11,4,0.5,output RollOut,Jun-46,6,46,1.88E-09,2.81E-11
395,1.89E-09,-2.80E-11,4.1,0.5,output RollOut,Jun-46,6,46,1.89E-09,2.80E-11
396,1.83E-09,-2.34E-11,4.2,0.5,output RollOut,Jun-46,6,46,1.83E-09,2.34E-11
397,1.86E-09,2.75E-11,4.3,0.5,output RollOut,Jun-46,6,46,1.86E-09,2.75E-11
398,1.87E-09,-2.73E-11,4.4,0.5,output RollOut,Jun-46,6,46,1.87E-09,2.73E-11
399,1.81E-09,-2.50E-11,4.5,0.5,output RollOut,Jun-46,6,46,1.81E-09,2.50E-11
400,1.84E-09,2.85E-11,4.6,0.5,output RollOut,Jun-46,6,46,1.84E-09,2.85E-11
401,1.85E-09,-2.73E-11,4.7,0.5,output RollOut,Jun-46,6,46,1.85E-09,2.73E-11
402,1.79E-09,-2.74E-11,4.8,0.5,output RollOut,Jun-46,6,46,1.79E-09,2.74E-11
403,1.82E-09,2.81E-11,4.9,0.5,output RollOut,Jun-46,6,46,1.82E-09,2.81E-11
404,1.84E-09,-2.86E-11,5,0.5,output RollOut,Jun-46,6,46,1.84E-09,2.86E-11
405,-2.86E-11,3.76E-11,0,1,output RollOut,Jun-46,6,46,2.86E-11,3.76E-11
406,1.65E-08,3.44E-12,0.1,1,output RollOut,Jun-46,6,46,1.65E-08,3.44E-12
407,1.77E-08,3.77E-12,0.2,1,output RollOut,Jun-46,6,46,1.77E-08,3.77E-12
408,1.77E-08,2.30E-13,0.3,1,output RollOut,Jun-46,6,46,1.77E-08,2.30E-13
409,1.74E-08,2.85E-12,0.4,1,output RollOut,Jun-46,6,46,1.74E-08,2.85E-12
410,1.71E-08,-5.80E-13,0.5,1,output RollOut,Jun-46,6,46,1.71E-08,5.80E-13
411,1.67E-08,2.36E-12,0.6,1,output RollOut,Jun-46,6,46,1.67E-08,2.36E-12
412,1.65E-08,-2.66E-12,0.7,1,output RollOut,Jun-46,6,46,1.65E-08,2.66E-12
413,1.62E-08,1.56E-12,0.8,1,output RollOut,Jun-46,6,46,1.62E-08,1.56E-12
414,1.60E-08,-3.15E-12,0.9,1,output RollOut,Jun-46,6,46,1.60E-08,3.15E-12
415,1.56E-08,8.75E-12,1,1,output RollOut,Jun-46,6,46,1.56E-08,8.75E-12
416,1.55E-08,-2.04E-11,1.1,1,output RollOut,Jun-46,6,46,1.55E-08,2.04E-11
417,1.53E-08,3.03E-11,1.2,1,output RollOut,Jun-46,6,46,1.53E-08,3.03E-11
418,1.52E-08,-4.04E-11,1.3,1,output RollOut,Jun-46,6,46,1.52E-08,4.04E-11
419,1.50E-08,4.89E-11,1.4,1,output RollOut,Jun-46,6,46,1.50E-08,4.89E-11
420,1.48E-08,-5.58E-11,1.5,1,output RollOut,Jun-46,6,46,1.48E-08,5.58E-11
421,1.47E-08,5.28E-11,1.6,1,output RollOut,Jun-46,6,46,1.47E-08,5.28E-11
422,1.46E-08,-5.37E-11,1.7,1,output RollOut,Jun-46,6,46,1.46E-08,5.37E-11
423,1.45E-08,4.82E-11,1.8,1,output RollOut,Jun-46,6,46,1.45E-08,4.82E-11
424,1.44E-08,-4.16E-11,1.9,1,output RollOut,Jun-46,6,46,1.44E-08,4.16E-11
425,1.43E-08,2.87E-11,2,1,output RollOut,Jun-46,6,46,1.43E-08,2.87E-11
426,1.42E-08,-2.26E-11,2.1,1,output RollOut,Jun-46,6,46,1.42E-08,2.26E-11
427,1.41E-08,1.03E-11,2.2,1,output RollOut,Jun-46,6,46,1.41E-08,1.03E-11
428,1.40E-08,-5.66E-12,2.3,1,output RollOut,Jun-46,6,46,1.40E-08,5.66E-12
429,1.39E-08,4.10E-13,2.4,1,output RollOut,Jun-46,6,46,1.39E-08,4.10E-13
430,1.38E-08,-1.39E-12,2.5,1,output RollOut,Jun-46,6,46,1.38E-08,1.39E-12
431,1.38E-08,-3.23E-12,2.6,1,output RollOut,Jun-46,6,46,1.38E-08,3.23E-12
432,1.37E-08,-1.01E-12,2.7,1,output RollOut,Jun-46,6,46,1.37E-08,1.01E-12
433,1.37E-08,-5.10E-12,2.8,1,output RollOut,Jun-46,6,46,1.37E-08,5.10E-12
434,1.36E-08,-1.79E-12,2.9,1,output RollOut,Jun-46,6,46,1.36E-08,1.79E-12
435,1.36E-08,-5.08E-12,3,1,output RollOut,Jun-46,6,46,1.36E-08,5.08E-12
436,1.35E-08,-3.14E-12,3.1,1,output RollOut,Jun-46,6,46,1.35E-08,3.14E-12
437,1.35E-08,-8.00E-12,3.2,1,output RollOut,Jun-46,6,46,1.35E-08,8.00E-12
438,1.33E-08,-4.58E-12,3.3,1,output RollOut,Jun-46,6,46,1.33E-08,4.58E-12
439,1.34E-08,-9.45E-12,3.4,1,output RollOut,Jun-46,6,46,1.34E-08,9.45E-12
440,1.33E-08,-7.14E-12,3.5,1,output RollOut,Jun-46,6,46,1.33E-08,7.14E-12
441,1.32E-08,-2.05E-11,3.6,1,output RollOut,Jun-46,6,46,1.32E-08,2.05E-11
442,1.32E-08,6.44E-12,3.7,1,output RollOut,Jun-46,6,46,1.32E-08,6.44E-12
443,1.31E-08,-4.86E-11,3.8,1,output RollOut,Jun-46,6,46,1.31E-08,4.86E-11
444,1.31E-08,2.63E-11,3.9,1,output RollOut,Jun-46,6,46,1.31E-08,2.63E-11
445,1.31E-08,-7.25E-11,4,1,output RollOut,Jun-46,6,46,1.31E-08,7.25E-11
446,1.31E-08,3.03E-11,4.1,1,output RollOut,Jun-46,6,46,1.31E-08,3.03E-11
447,1.30E-08,-7.98E-11,4.2,1,output RollOut,Jun-46,6,46,1.30E-08,7.98E-11
448,1.30E-08,2.59E-11,4.3,1,output RollOut,Jun-46,6,46,1.30E-08,2.59E-11
449,1.30E-08,-7.80E-11,4.4,1,output RollOut,Jun-46,6,46,1.30E-08,7.80E-11
450,1.29E-08,1.60E-11,4.5,1,output RollOut,Jun-46,6,46,1.29E-08,1.60E-11
451,1.29E-08,-6.89E-11,4.6,1,output RollOut,Jun-46,6,46,1.29E-08,6.89E-11
452,1.29E-08,-1.95E-12,4.7,1,output RollOut,Jun-46,6,46,1.29E-08,1.95E-12
453,1.28E-08,-4.68E-11,4.8,1,output RollOut,Jun-46,6,46,1.28E-08,4.68E-11
454,1.29E-08,-2.21E-11,4.9,1,output RollOut,Jun-46,6,46,1.29E-08,2.21E-11
455,1.28E-08,-3.10E-11,5,1,output RollOut,Jun-46,6,46,1.28E-08,3.10E-11
456,-1.74E-10,5.86E-11,0,1.5,output RollOut,Jun-46,6,46,1.74E-10,5.86E-11
457,1.05E-07,5.10E-11,0.1,1.5,output RollOut,Jun-46,6,46,1.05E-07,5.10E-11
458,1.24E-07,-4.25E-12,0.2,1.5,output RollOut,Jun-46,6,46,1.24E-07,4.25E-12
459,1.27E-07,-4.28E-11,0.3,1.5,output RollOut,Jun-46,6,46,1.27E-07,4.28E-11
460,1.26E-07,-5.15E-11,0.4,1.5,output RollOut,Jun-46,6,46,1.26E-07,5.15E-11
461,1.24E-07,-2.81E-11,0.5,1.5,output RollOut,Jun-46,6,46,1.24E-07,2.81E-11
462,1.23E-07,-2.20E-13,0.6,1.5,output RollOut,Jun-46,6,46,1.23E-07,2.20E-13
463,1.20E-07,3.30E-12,0.7,1.5,output RollOut,Jun-46,6,46,1.20E-07,3.30E-12
464,1.19E-07,1.80E-12,0.8,1.5,output RollOut,Jun-46,6,46,1.19E-07,1.80E-12
465,1.17E-07,3.34E-12,0.9,1.5,output RollOut,Jun-46,6,46,1.17E-07,3.34E-12
466,1.15E-07,4.01E-11,1,1.5,output RollOut,Jun-46,6,46,1.15E-07,4.01E-11
467,1.14E-07,5.21E-11,1.1,1.5,output RollOut,Jun-46,6,46,1.14E-07,5.21E-11
468,1.13E-07,3.53E-11,1.2,1.5,output RollOut,Jun-46,6,46,1.13E-07,3.53E-11
469,1.12E-07,2.97E-12,1.3,1.5,output RollOut,Jun-46,6,46,1.12E-07,2.97E-12
470,1.11E-07,-1.05E-12,1.4,1.5,output RollOut,Jun-46,6,46,1.11E-07,1.05E-12
471,1.10E-07,-1.85E-12,1.5,1.5,output RollOut,Jun-46,6,46,1.10E-07,1.85E-12
472,1.09E-07,-2.23E-12,1.6,1.5,output RollOut,Jun-46,6,46,1.09E-07,2.23E-12
473,1.08E-07,-2.84E-11,1.7,1.5,output RollOut,Jun-46,6,46,1.08E-07,2.84E-11
474,1.08E-07,-5.52E-11,1.8,1.5,output RollOut,Jun-46,6,46,1.08E-07,5.52E-11
475,1.07E-07,-4.75E-11,1.9,1.5,output RollOut,Jun-46,6,46,1.07E-07,4.75E-11
476,1.06E-07,-1.46E-11,2,1.5,output RollOut,Jun-46,6,46,1.06E-07,1.46E-11
477,1.06E-07,-8.00E-14,2.1,1.5,output RollOut,Jun-46,6,46,1.06E-07,8.00E-14
478,1.05E-07,-3.90E-13,2.2,1.5,output RollOut,Jun-46,6,46,1.05E-07,3.90E-13
479,1.05E-07,5.00E-14,2.3,1.5,output RollOut,Jun-46,6,46,1.05E-07,5.00E-14
480,1.04E-07,7.91E-12,2.4,1.5,output RollOut,Jun-46,6,46,1.04E-07,7.91E-12
481,1.04E-07,4.48E-11,2.5,1.5,output RollOut,Jun-46,6,46,1.04E-07,4.48E-11
482,1.04E-07,5.08E-11,2.6,1.5,output RollOut,Jun-46,6,46,1.04E-07,5.08E-11
483,1.03E-07,2.61E-11,2.7,1.5,output RollOut,Jun-46,6,46,1.03E-07,2.61E-11
484,1.03E-07,9.00E-14,2.8,1.5,output RollOut,Jun-46,6,46,1.03E-07,9.00E-14
485,1.03E-07,-3.23E-12,2.9,1.5,output RollOut,Jun-46,6,46,1.03E-07,3.23E-12
486,1.02E-07,-3.74E-12,3,1.5,output RollOut,Jun-46,6,46,1.02E-07,3.74E-12
487,1.02E-07,-4.15E-12,3.1,1.5,output RollOut,Jun-46,6,46,1.02E-07,4.15E-12
488,1.01E-07,-3.47E-11,3.2,1.5,output RollOut,Jun-46,6,46,1.01E-07,3.47E-11
489,1.01E-07,-5.77E-11,3.3,1.5,output RollOut,Jun-46,6,46,1.01E-07,5.77E-11
490,1.01E-07,-4.65E-11,3.4,1.5,output RollOut,Jun-46,6,46,1.01E-07,4.65E-11
491,1.01E-07,-1.50E-11,3.5,1.5,output RollOut,Jun-46,6,46,1.01E-07,1.50E-11
492,1.01E-07,-3.51E-12,3.6,1.5,output RollOut,Jun-46,6,46,1.01E-07,3.51E-12
493,1.01E-07,-4.77E-12,3.7,1.5,output RollOut,Jun-46,6,46,1.01E-07,4.77E-12
494,1.00E-07,-5.01E-12,3.8,1.5,output RollOut,Jun-46,6,46,1.00E-07,5.01E-12
495,1.00E-07,9.36E-12,3.9,1.5,output RollOut,Jun-46,6,46,1.00E-07,9.36E-12
496,1.00E-07,-9.07E-12,4,1.5,output RollOut,Jun-46,6,46,1.00E-07,9.07E-12
497,9.97E-08,-1.19E-11,4.1,1.5,output RollOut,Jun-46,6,46,9.97E-08,1.19E-11
498,9.94E-08,-1.52E-11,4.2,1.5,output RollOut,Jun-46,6,46,9.94E-08,1.52E-11
499,9.92E-08,-1.53E-11,4.3,1.5,output RollOut,Jun-46,6,46,9.92E-08,1.53E-11
500,9.91E-08,-2.07E-11,4.4,1.5,output RollOut,Jun-46,6,46,9.91E-08,2.07E-11
501,9.86E-08,-2.06E-11,4.5,1.5,output RollOut,Jun-46,6,46,9.86E-08,2.06E-11
502,9.87E-08,-2.57E-11,4.6,1.5,output RollOut,Jun-46,6,46,9.87E-08,2.57E-11
503,9.85E-08,-2.49E-11,4.7,1.5,output RollOut,Jun-46,6,46,9.85E-08,2.49E-11
504,9.86E-08,-2.96E-11,4.8,1.5,output RollOut,Jun-46,6,46,9.86E-08,2.96E-11
505,9.81E-08,-2.82E-11,4.9,1.5,output RollOut,Jun-46,6,46,9.81E-08,2.82E-11
506,9.81E-08,-3.27E-11,5,1.5,output RollOut,Jun-46,6,46,9.81E-08,3.27E-11
507,-4.44E-10,5.23E-12,0,2,output RollOut,Jun-46,6,46,4.44E-10,5.23E-12
508,4.50E-07,5.15E-12,0.1,2,output RollOut,Jun-46,6,46,4.50E-07,5.15E-12
509,6.98E-07,5.24E-12,0.2,2,output RollOut,Jun-46,6,46,6.98E-07,5.24E-12
510,7.74E-07,1.25E-11,0.3,2,output RollOut,Jun-46,6,46,7.74E-07,1.25E-11
511,7.76E-07,5.01E-11,0.4,2,output RollOut,Jun-46,6,46,7.76E-07,5.01E-11
512,7.64E-07,5.37E-11,0.5,2,output RollOut,Jun-46,6,46,7.64E-07,5.37E-11
513,7.51E-07,3.04E-11,0.6,2,output RollOut,Jun-46,6,46,7.51E-07,3.04E-11
514,7.38E-07,2.35E-12,0.7,2,output RollOut,Jun-46,6,46,7.38E-07,2.35E-12
515,7.25E-07,6.20E-13,0.8,2,output RollOut,Jun-46,6,46,7.25E-07,6.20E-13
516,7.15E-07,-5.40E-13,0.9,2,output RollOut,Jun-46,6,46,7.15E-07,5.40E-13
517,7.05E-07,-5.03E-12,1,2,output RollOut,Jun-46,6,46,7.05E-07,5.03E-12
518,6.99E-07,-4.14E-11,1.1,2,output RollOut,Jun-46,6,46,6.99E-07,4.14E-11
519,6.92E-07,-5.19E-11,1.2,2,output RollOut,Jun-46,6,46,6.92E-07,5.19E-11
520,6.85E-07,-3.30E-11,1.3,2,output RollOut,Jun-46,6,46,6.85E-07,3.30E-11
521,6.79E-07,-2.30E-12,1.4,2,output RollOut,Jun-46,6,46,6.79E-07,2.30E-12
522,6.75E-07,1.37E-12,1.5,2,output RollOut,Jun-46,6,46,6.75E-07,1.37E-12
523,6.71E-07,8.40E-13,1.6,2,output RollOut,Jun-46,6,46,6.71E-07,8.40E-13
524,6.65E-07,3.11E-12,1.7,2,output RollOut,Jun-46,6,46,6.65E-07,3.11E-12
525,6.62E-07,4.34E-11,1.8,2,output RollOut,Jun-46,6,46,6.62E-07,4.34E-11
526,6.59E-07,5.13E-11,1.9,2,output RollOut,Jun-46,6,46,6.59E-07,5.13E-11
527,6.56E-07,3.19E-11,2,2,output RollOut,Jun-46,6,46,6.56E-07,3.19E-11
528,6.55E-07,1.73E-12,2.1,2,output RollOut,Jun-46,6,46,6.55E-07,1.73E-12
529,6.51E-07,-1.09E-12,2.2,2,output RollOut,Jun-46,6,46,6.51E-07,1.09E-12
530,6.49E-07,-2.94E-12,2.3,2,output RollOut,Jun-46,6,46,6.49E-07,2.94E-12
531,6.47E-07,-2.87E-12,2.4,2,output RollOut,Jun-46,6,46,6.47E-07,2.87E-12
532,6.44E-07,-3.37E-11,2.5,2,output RollOut,Jun-46,6,46,6.44E-07,3.37E-11
533,6.43E-07,-5.60E-11,2.6,2,output RollOut,Jun-46,6,46,6.43E-07,5.60E-11
534,6.42E-07,-4.55E-11,2.7,2,output RollOut,Jun-46,6,46,6.42E-07,4.55E-11
535,6.40E-07,-1.40E-11,2.8,2,output RollOut,Jun-46,6,46,6.40E-07,1.40E-11
536,6.39E-07,-1.50E-13,2.9,2,output RollOut,Jun-46,6,46,6.39E-07,1.50E-13
537,6.37E-07,-1.90E-13,3,2,output RollOut,Jun-46,6,46,6.37E-07,1.90E-13
538,6.36E-07,5.20E-13,3.1,2,output RollOut,Jun-46,6,46,6.36E-07,5.20E-13
539,6.35E-07,1.75E-11,3.2,2,output RollOut,Jun-46,6,46,6.35E-07,1.75E-11
540,6.34E-07,5.20E-11,3.3,2,output RollOut,Jun-46,6,46,6.34E-07,5.20E-11
541,6.33E-07,4.64E-11,3.4,2,output RollOut,Jun-46,6,46,6.33E-07,4.64E-11
542,6.32E-07,1.76E-11,3.5,2,output RollOut,Jun-46,6,46,6.32E-07,1.76E-11
543,6.32E-07,-2.45E-12,3.6,2,output RollOut,Jun-46,6,46,6.32E-07,2.45E-12
544,6.32E-07,-4.90E-12,3.7,2,output RollOut,Jun-46,6,46,6.32E-07,4.90E-12
545,6.31E-07,-3.93E-12,3.8,2,output RollOut,Jun-46,6,46,6.31E-07,3.93E-12
546,6.29E-07,-1.16E-11,3.9,2,output RollOut,Jun-46,6,46,6.29E-07,1.16E-11
547,6.29E-07,-4.86E-11,4,2,output RollOut,Jun-46,6,46,6.29E-07,4.86E-11
548,6.28E-07,-5.70E-11,4.1,2,output RollOut,Jun-46,6,46,6.28E-07,5.70E-11
549,6.27E-07,-3.38E-11,4.2,2,output RollOut,Jun-46,6,46,6.27E-07,3.38E-11
550,6.27E-07,-8.41E-12,4.3,2,output RollOut,Jun-46,6,46,6.27E-07,8.41E-12
551,6.27E-07,-7.22E-12,4.4,2,output RollOut,Jun-46,6,46,6.27E-07,7.22E-12
552,6.26E-07,-9.06E-12,4.5,2,output RollOut,Jun-46,6,46,6.26E-07,9.06E-12
553,6.25E-07,-9.55E-12,4.6,2,output RollOut,Jun-46,6,46,6.25E-07,9.55E-12
554,6.24E-07,2.50E-11,4.7,2,output RollOut,Jun-46,6,46,6.24E-07,2.50E-11
555,6.25E-07,3.61E-11,4.8,2,output RollOut,Jun-46,6,46,6.25E-07,3.61E-11
556,6.25E-07,1.69E-11,4.9,2,output RollOut,Jun-46,6,46,6.25E-07,1.69E-11
557,6.24E-07,-1.79E-11,5,2,output RollOut,Jun-46,6,46,6.24E-07,1.79E-11
558,-9.37E-10,-7.00E-14,0,2.5,output RollOut,Jun-46,6,46,9.37E-10,7.00E-14
559,1.09E-06,5.75E-11,0.1,2.5,output RollOut,Jun-46,6,46,1.09E-06,5.75E-11
560,2.00E-06,9.90E-13,0.2,2.5,output RollOut,Jun-46,6,46,2.00E-06,9.90E-13
561,2.69E-06,3.64E-12,0.3,2.5,output RollOut,Jun-46,6,46,2.69E-06,3.64E-12
562,3.15E-06,3.18E-11,0.4,2.5,output RollOut,Jun-46,6,46,3.15E-06,3.18E-11
563,3.36E-06,4.87E-11,0.5,2.5,output RollOut,Jun-46,6,46,3.36E-06,4.87E-11
564,3.40E-06,-3.30E-13,0.6,2.5,output RollOut,Jun-46,6,46,3.40E-06,3.30E-13
565,3.37E-06,-1.03E-12,0.7,2.5,output RollOut,Jun-46,6,46,3.37E-06,1.03E-12
566,3.31E-06,-3.52E-11,0.8,2.5,output RollOut,Jun-46,6,46,3.31E-06,3.52E-11
567,3.25E-06,-4.20E-11,0.9,2.5,output RollOut,Jun-46,6,46,3.25E-06,4.20E-11
568,3.20E-06,1.74E-12,1,2.5,output RollOut,Jun-46,6,46,3.20E-06,1.74E-12
569,3.16E-06,2.96E-12,1.1,2.5,output RollOut,Jun-46,6,46,3.16E-06,2.96E-12
570,3.12E-06,4.01E-11,1.2,2.5,output RollOut,Jun-46,6,46,3.12E-06,4.01E-11
571,3.08E-06,4.21E-11,1.3,2.5,output RollOut,Jun-46,6,46,3.08E-06,4.21E-11
572,3.05E-06,-1.20E-13,1.4,2.5,output RollOut,Jun-46,6,46,3.05E-06,1.20E-13
573,3.03E-06,-1.95E-12,1.5,2.5,output RollOut,Jun-46,6,46,3.03E-06,1.95E-12
574,3.00E-06,-4.13E-11,1.6,2.5,output RollOut,Jun-46,6,46,3.00E-06,4.13E-11
575,2.98E-06,-3.76E-11,1.7,2.5,output RollOut,Jun-46,6,46,2.98E-06,3.76E-11
576,2.96E-06,1.09E-12,1.8,2.5,output RollOut,Jun-46,6,46,2.96E-06,1.09E-12
577,2.95E-06,7.80E-13,1.9,2.5,output RollOut,Jun-46,6,46,2.95E-06,7.80E-13
578,2.93E-06,4.66E-11,2,2.5,output RollOut,Jun-46,6,46,2.93E-06,4.66E-11
579,2.92E-06,3.56E-11,2.1,2.5,output RollOut,Jun-46,6,46,2.92E-06,3.56E-11
580,2.91E-06,-2.22E-12,2.2,2.5,output RollOut,Jun-46,6,46,2.91E-06,2.22E-12
581,2.90E-06,-1.65E-12,2.3,2.5,output RollOut,Jun-46,6,46,2.90E-06,1.65E-12
582,2.89E-06,-4.90E-11,2.4,2.5,output RollOut,Jun-46,6,46,2.89E-06,4.90E-11
583,2.88E-06,-3.36E-11,2.5,2.5,output RollOut,Jun-46,6,46,2.88E-06,3.36E-11
584,2.87E-06,2.00E-14,2.6,2.5,output RollOut,Jun-46,6,46,2.87E-06,2.00E-14
585,2.87E-06,1.14E-12,2.7,2.5,output RollOut,Jun-46,6,46,2.87E-06,1.14E-12
586,2.86E-06,4.97E-11,2.8,2.5,output RollOut,Jun-46,6,46,2.86E-06,4.97E-11
587,2.86E-06,2.98E-11,2.9,2.5,output RollOut,Jun-46,6,46,2.86E-06,2.98E-11
588,2.85E-06,-1.57E-12,3,2.5,output RollOut,Jun-46,6,46,2.85E-06,1.57E-12
589,2.84E-06,-3.47E-12,3.1,2.5,output RollOut,Jun-46,6,46,2.84E-06,3.47E-12
590,2.84E-06,-5.31E-11,3.2,2.5,output RollOut,Jun-46,6,46,2.84E-06,5.31E-11
591,2.83E-06,-2.90E-11,3.3,2.5,output RollOut,Jun-46,6,46,2.83E-06,2.90E-11
592,2.83E-06,-5.00E-14,3.4,2.5,output RollOut,Jun-46,6,46,2.83E-06,5.00E-14
593,2.83E-06,1.50E-13,3.5,2.5,output RollOut,Jun-46,6,46,2.83E-06,1.50E-13
594,2.83E-06,5.34E-11,3.6,2.5,output RollOut,Jun-46,6,46,2.83E-06,5.34E-11
595,2.82E-06,1.94E-11,3.7,2.5,output RollOut,Jun-46,6,46,2.82E-06,1.94E-11
596,2.82E-06,-3.27E-12,3.8,2.5,output RollOut,Jun-46,6,46,2.82E-06,3.27E-12
597,2.82E-06,-3.72E-12,3.9,2.5,output RollOut,Jun-46,6,46,2.82E-06,3.72E-12
598,2.81E-06,-5.56E-11,4,2.5,output RollOut,Jun-46,6,46,2.81E-06,5.56E-11
599,2.81E-06,-2.19E-11,4.1,2.5,output RollOut,Jun-46,6,46,2.81E-06,2.19E-11
600,2.81E-06,-9.70E-13,4.2,2.5,output RollOut,Jun-46,6,46,2.81E-06,9.70E-13
601,2.81E-06,-5.00E-13,4.3,2.5,output RollOut,Jun-46,6,46,2.81E-06,5.00E-13
602,2.81E-06,5.11E-11,4.4,2.5,output RollOut,Jun-46,6,46,2.81E-06,5.11E-11
603,2.80E-06,1.26E-11,4.5,2.5,output RollOut,Jun-46,6,46,2.80E-06,1.26E-11
604,2.80E-06,-5.57E-12,4.6,2.5,output RollOut,Jun-46,6,46,2.80E-06,5.57E-12
605,2.80E-06,-7.77E-12,4.7,2.5,output RollOut,Jun-46,6,46,2.80E-06,7.77E-12
606,2.80E-06,-6.11E-11,4.8,2.5,output RollOut,Jun-46,6,46,2.80E-06,6.11E-11
607,2.80E-06,-1.85E-11,4.9,2.5,output RollOut,Jun-46,6,46,2.80E-06,1.85E-11
608,2.80E-06,-8.63E-12,5,2.5,output RollOut,Jun-46,6,46,2.80E-06,8.63E-12
609,-1.11E-09,5.15E-12,0,3,output RollOut,Jun-46,6,46,1.11E-09,5.15E-12
610,1.89E-06,4.52E-12,0.1,3,output RollOut,Jun-46,6,46,1.89E-06,4.52E-12
611,3.63E-06,6.95E-12,0.2,3,output RollOut,Jun-46,6,46,3.63E-06,6.95E-12
612,5.21E-06,2.23E-12,0.3,3,output RollOut,Jun-46,6,46,5.21E-06,2.23E-12
613,6.61E-06,-1.41E-11,0.4,3,output RollOut,Jun-46,6,46,6.61E-06,1.41E-11
614,7.84E-06,-4.95E-11,0.5,3,output RollOut,Jun-46,6,46,7.84E-06,4.95E-11
615,8.87E-06,-1.32E-12,0.6,3,output RollOut,Jun-46,6,46,8.87E-06,1.32E-12
616,9.69E-06,3.52E-12,0.7,3,output RollOut,Jun-46,6,46,9.69E-06,3.52E-12
617,1.03E-05,2.01E-11,0.8,3,output RollOut,Jun-46,6,46,1.03E-05,2.01E-11
618,1.07E-05,5.30E-11,0.9,3,output RollOut,Jun-46,6,46,1.07E-05,5.30E-11
619,1.09E-05,2.82E-12,1,3,output RollOut,Jun-46,6,46,1.09E-05,2.82E-12
620,1.09E-05,-2.80E-13,1.1,3,output RollOut,Jun-46,6,46,1.09E-05,2.80E-13
621,1.08E-05,-1.99E-11,1.2,3,output RollOut,Jun-46,6,46,1.08E-05,1.99E-11
622,1.07E-05,-5.08E-11,1.3,3,output RollOut,Jun-46,6,46,1.07E-05,5.08E-11
623,1.05E-05,-2.36E-12,1.4,3,output RollOut,Jun-46,6,46,1.05E-05,2.36E-12
624,1.03E-05,1.82E-12,1.5,3,output RollOut,Jun-46,6,46,1.03E-05,1.82E-12
625,1.02E-05,2.12E-11,1.6,3,output RollOut,Jun-46,6,46,1.02E-05,2.12E-11
626,1.00E-05,5.13E-11,1.7,3,output RollOut,Jun-46,6,46,1.00E-05,5.13E-11
627,9.87E-06,3.08E-12,1.8,3,output RollOut,Jun-46,6,46,9.87E-06,3.08E-12
628,9.76E-06,-2.15E-12,1.9,3,output RollOut,Jun-46,6,46,9.76E-06,2.15E-12
629,9.65E-06,-2.49E-11,2,3,output RollOut,Jun-46,6,46,9.65E-06,2.49E-11
630,9.56E-06,-4.87E-11,2.1,3,output RollOut,Jun-46,6,46,9.56E-06,4.87E-11
631,9.49E-06,-2.30E-13,2.2,3,output RollOut,Jun-46,6,46,9.49E-06,2.30E-13
632,9.42E-06,1.18E-12,2.3,3,output RollOut,Jun-46,6,46,9.42E-06,1.18E-12
633,9.36E-06,3.47E-11,2.4,3,output RollOut,Jun-46,6,46,9.36E-06,3.47E-11
634,9.30E-06,4.37E-11,2.5,3,output RollOut,Jun-46,6,46,9.30E-06,4.37E-11
635,9.26E-06,-1.01E-12,2.6,3,output RollOut,Jun-46,6,46,9.26E-06,1.01E-12
636,9.21E-06,-2.28E-12,2.7,3,output RollOut,Jun-46,6,46,9.21E-06,2.28E-12
637,9.18E-06,-4.04E-11,2.8,3,output RollOut,Jun-46,6,46,9.18E-06,4.04E-11
638,9.13E-06,-3.97E-11,2.9,3,output RollOut,Jun-46,6,46,9.13E-06,3.97E-11
639,9.10E-06,8.00E-14,3,3,output RollOut,Jun-46,6,46,9.10E-06,8.00E-14
640,9.08E-06,8.60E-13,3.1,3,output RollOut,Jun-46,6,46,9.08E-06,8.60E-13
641,9.05E-06,4.31E-11,3.2,3,output RollOut,Jun-46,6,46,9.05E-06,4.31E-11
642,9.03E-06,3.55E-11,3.3,3,output RollOut,Jun-46,6,46,9.03E-06,3.55E-11
643,9.01E-06,-2.32E-12,3.4,3,output RollOut,Jun-46,6,46,9.01E-06,2.32E-12
644,8.98E-06,-1.31E-12,3.5,3,output RollOut,Jun-46,6,46,8.98E-06,1.31E-12
645,8.96E-06,-4.86E-11,3.6,3,output RollOut,Jun-46,6,46,8.96E-06,4.86E-11
646,8.94E-06,-3.73E-11,3.7,3,output RollOut,Jun-46,6,46,8.94E-06,3.73E-11
647,8.92E-06,7.50E-13,3.8,3,output RollOut,Jun-46,6,46,8.92E-06,7.50E-13
648,8.91E-06,9.20E-13,3.9,3,output RollOut,Jun-46,6,46,8.91E-06,9.20E-13
649,8.89E-06,4.86E-11,4,3,output RollOut,Jun-46,6,46,8.89E-06,4.86E-11
650,8.88E-06,2.90E-11,4.1,3,output RollOut,Jun-46,6,46,8.88E-06,2.90E-11
651,8.87E-06,-2.81E-12,4.2,3,output RollOut,Jun-46,6,46,8.87E-06,2.81E-12
652,8.86E-06,-2.53E-12,4.3,3,output RollOut,Jun-46,6,46,8.86E-06,2.53E-12
653,8.84E-06,-5.56E-11,4.4,3,output RollOut,Jun-46,6,46,8.84E-06,5.56E-11
654,8.83E-06,-2.63E-11,4.5,3,output RollOut,Jun-46,6,46,8.83E-06,2.63E-11
655,8.82E-06,-1.29E-12,4.6,3,output RollOut,Jun-46,6,46,8.82E-06,1.29E-12
656,8.81E-06,-1.50E-13,4.7,3,output RollOut,Jun-46,6,46,8.81E-06,1.50E-13
657,8.80E-06,5.09E-11,4.8,3,output RollOut,Jun-46,6,46,8.80E-06,5.09E-11
658,8.80E-06,1.86E-11,4.9,3,output RollOut,Jun-46,6,46,8.80E-06,1.86E-11
659,8.79E-06,-4.15E-12,5,3,output RollOut,Jun-46,6,46,8.79E-06,4.15E-12
